<?xml version="1.0" encoding="windows-1250"?>
<!--  This file conforms to the DTD xdc/bld/build.dtd -->
<package name="xconfig_abc" version="" producerId="undefined">
    <units>
    </units>
    <sources>
        <srcFile name="package/cfg/abc_pe66.c"/>
    </sources>
    <configscripts>
        <srcFile name="D:/249238/abc/abc.cfg"/>
    </configscripts>
    <makefiles>
        <srcFile name="package.mak" src="package.bld"/>
        <srcFile name="package/package.xdc.dep" src="package.xdc"/>
        <srcFile name="package/cfg/abc_pe66.mak" src="package.bld"/>
        <srcFile name="package/cfg/abc_pe66.oe66.dep" src="package/cfg/abc_pe66.c"/>
        <srcFile name="package/cfg/abc_pe66.dep" src="package/cfg/abc_pe66.cfg"/>
        <srcFile name="package/cfg/abc.xe66.mak" src="package.bld"/>
        <srcFile name="package/rel/xconfig_abc.tar.dep" src="package/rel/xconfig_abc.xdc.inc"/>
    </makefiles>
    <targets>
        <target name="ti.targets.elf.C66"
            version="ti.targets.elf.C66{1,0,8.3,12"
            rawVersion="8.3.12"
            platform="ti.platforms.simTCI6616"
            isa="66"
            suffix="e66"
            rootDir="C:/ti/ccs12/ccs/tools/compiler/ti-cgt-c6000_8.3.12"
            os="undefined"
            rts="ti.targets.rts6000">
            <model endian="little"
                codeModel="undefined"
                dataModel="undefined"/>
        </target>
    </targets>
    <libraries>
    </libraries>
    <configurations>
    <configuration name="abc"
        pname="abc.pe66"
        target="ti.targets.elf.C66"
        platform="ti.platforms.evmAM572X"
        profile="release"
        isPartial="false"
        xCfgScript="package/cfg/abc_pe66.cfg"
        xCfgPrefix="package/cfg/abc_pe66"
        cfgScript="D:/249238/abc/abc.cfg"
        cfgArgs="null"
        />
    </configurations>
    <executables>
    <executable name="abc"
        pname="abc.xe66"
        target="ti.targets.elf.C66"
        platform="ti.platforms.evmAM572X"
        profile="release"
        xCfgScript="package/cfg/abc_pe66.cfg"
        xCfgPrefix="package/cfg/abc_pe66"
        cfgScript="D:/249238/abc/abc.cfg"
        cfgArgs="null"
        />
    </executables>
    <tests>
    <test exeName="abc.xe66"
        args=""
        groupName="abc.xe66"
        refOutput="undefined"
        refExitCode="0"
        execArgs=""
        />
    </tests>
    <releases relDir="package/rel/">
    <release name="xconfig_abc"
        pname="xconfig_abc.tar"
        label="default"
    >
        <file name="package/package.bld.xml"/>
        <file name="package/build.cfg"/>
        <file name="package/package.xdc.inc"/>
    </release>
    </releases>
    <repositories>
    </repositories>
</package>
